Workbook

Sheet A completar
A1: Variables | C1: Datos
A2: Nombre y Apellido
A3: Fecha
A4: Entrenamiento previo a la sesión
A5: Edad
A6: Altura en cm
A7: Peso en kg
A8: Pierna dominante
A9: Pierna lesionada
A10: Tipo de lesión
A11: Comentarios de la lesión | D11: Completar con: tipo de lesión, fecha de lesión, fecha de cirugía, tipo de injerto, lesión asociada, mecanismo de lesión
A12: Antecedentes
A13: Médico derivante
A14: Dolor durante la evaluación
A15: Rotación interna de cadera 90º | B15: Derecha
B16: Izquierda
A17: Rotación externa de cadera 90º | B17: Derecha
B18: Izquierda
A19: Extensión pasiva de rodilla | B19: Derecha
B20: Izquierda
A21: Flexión activa de rodilla | B21: Derecha
B22: Izquierda
A23: Flexión pasiva de rodilla | B23: Derecha
B24: Izquierda
A25: Flexión dorsal de tobillo | B25: Derecha
B26: Izquierda
A27: Rotación interna de hombro | B27: Derecho
B28: Izquierdo
A29: Rotación externa de hombro | B29: Derecho
B30: Izquierdo
A31: Perímetro de muslo | B31: Derecho
B32: Izquierdo
A33: Perímetro de pantorrilla | B33: Derecho
B34: Izquierdo
A35: Thomas derecha | B35: Psoas Iíaco
B36: Recto Anterior
B37: Sartorio
A38: Thomas izquierda | B38: Psoas Iíaco
B39: Recto Anterior
B40: Sartorio
A41: AKE | B41: Derecha
B42: Izquierda
A43: Askling test | B43: Derecha
B44: Izquierda
A45: Slump test | B45: Derecha
B46: Izquierda
A47: BKFO test | B47: Derecha
B48: Izquierda
A49: Psoas derecha | B49: Palpación
B50: Contracción
B51: Estiramiento
A52: Psoas izquierda | B52: Palpación
B53: Contracción
B54: Estiramiento
A55: Pubis derecha | B55: Palpación
B56: Contracción
B57: Estiramiento
A58: Pubis izquierda | B58: Palpación
B59: Contracción
B60: Estiramiento
A61: Abdominales derecha | B61: Palpación
B62: Contracción
B63: Estiramiento
A64: Abdominales izquierda | B64: Palpación
B65: Contracción
B66: Estiramiento
A67: Aductor derecha | B67: Palpación
B68: Contracción
B69: Estiramiento
A70: Aductor izquierda | B70: Palpación
B71: Contracción
B72: Estiramiento
A73: Glúteo medio derecha | B73: Palpación
A74: Glúteo medio izquierda | B74: Palpación
A75: Cuadrado lumbar derecha | B75: Palpación
A76: Cuadrado lumbar izquierda | B76: Palpación
A77: Cadera: impingement | B77: Derecha
B78: Izquierda
A79: Cadera: labrum anterior | B79: Derecha
B80: Izquierda
A81: Columna: flexión | B81: -
A82: Columna: extensión | B82: -
A83: Columna: inclinación derecha | B83: -
A84: Columna: inclinación izquierda | B84: -
A85: Sacroilíaca | B85: Derecha
B86: Izquierda
A87: Largo en cm del miembro inferior
A88: Y Balance derecha | B88: Anterior
B89: Posteromedial
B90: Posterolateral
A91: Y Balance izquierda | B91: Anterior
B92: Posteromedial
B93: Posterolateral
A94: Prueba de balance: derecha | B94: Ojos abiertos
B95: Ojos cerrados
A96: Prueba de balance: izquierda | B96: Ojos abiertos
B97: Ojos cerrados
A98: Prueba de balance vestibular: derecha | B98: Lado a lado
B99: Arriba y abajo
A100: Prueba de balance vestibular: izquierda | B100: Lado a lado
...

Sheet Resultados
B8: PACIENTE | C8: ='A completar'!C2 | D8: FECHA | E8: ='A completar'!C3 | G8: ENTRENAMIENTO PREVIO A LA SESIÓN | I8: ='A completar'!C4
B9: EDAD | C9: ='A completar'!C5 | D9: ALTURA EN CM | E9: ='A completar'!C6 | G9: PESO EN KG | I9: ='A completar'!C7
B10: PIERNA DOMINANTE | C10: ='A completar'!C8 | D10: PIERNA LESIONADA | E10: ='A completar'!C9 | F10: TIPO DE LESIÓN | G10: ='A completar'!C10
B11: ='A completar'!C11
B12: ANTECEDENTES | C12: ='A completar'!C12
B13: MÉDICO DERIVANTE | C13: ='A completar'!C13 | E13: DOLOR DURANTE LA EVALUACIÓN | G13: No
B14: =IF(G13="No", "Todas las pruebas fueron realizadas sin dolor y a continuación se destacan los aspectos más relevantes.", "El paciente presentó dolor a lo largo de las evaluaciones y a continuación se destacan los aspectos más relevantes.") -> Todas las pruebas fueron realizadas sin dolor y a continuación se destacan los aspectos más relevantes.
B15: RANGO DE MOVILIDAD ARTICULAR - CADERA
B16: TEST - INSTRUMENTO | C16: MOVIMIENTO | D16: DERECHA | E16: IZQUIERDA | F16: REFERENCIA
B17: Rotación de cadera - Inclinómetro (º) | C17: Rotación interna (°) | D17: ='A completar'!C15 | E17: ='A completar'!C16 | F17: -
C18: Rotación externa (°) | D18: ='A completar'!C17 | E18: ='A completar'!C18 | F18: -
C19: Rotación total (°) | D19: =D17+D18 -> 0 | E19: =E17+E18 -> 0 | F19: 85º
B20: COMENTARIOS
B21: =IF(AND(D19>=85,E19>=85), "El rango de movimiento total de cadera en ambas piernas se encuentra normal.", IF(AND(D19<85,E19>=85), "El rango de movimiento total de cadera en la pierna derecha se encuentra disminuido.", IF(AND(D19>=85,E19<85), "El rango de movimiento total de cadera en la pierna izquierda se encuentra disminuido.", "El rango de movimiento total de cadera en ambas piernas se encuentra disminuido."))) -> El rango de movimiento total de cadera en ambas piernas se encuentra disminuido.
B22: RANGO DE MOVILIDAD ARTICULAR - RODILLA
B23: TEST - INSTRUMENTO | C23: MOVIMIENTO | D23: DERECHA | E23: IZQUIERDA | F23: REFERENCIA
B24: Extensión de rodilla - Inclinómetro (º) | C24: Exensión pasiva de rodilla | D24: ='A completar'!C19 | E24: ='A completar'!C20 | F24: 0º
B26: TEST - INSTRUMENTO | C26: MOVIMIENTO | D26: DERECHA | E26: IZQUIERDA | F26: DÉFICIT | G26: REFERENCIA
B27: Flexión rodilla - Inclinómetro (º) | C27: Flexión activa de rodilla | D27: ='A completar'!C21 | E27: ='A completar'!C22 | F27: =E27-D27 -> 0 | G27: 0º-10º
C28: Flexión pasiva de rodilla | D28: ='A completar'!C23 | E28: ='A completar'!C24 | F28: =E28-D28 -> 0 | G28: 0º-10º
B29: COMENTARIOS
B30: =IF(AND(D24=0,E24=0), "No presenta déficit de extensión.", "Se presenta déficit de extensión de la rodilla.") -> No presenta déficit de extensión.
B31: =IF(OR(F27<-10,F27>10), "Se presenta un déficit de flexión activa de la rodilla.", "La flexión activa de rodilla se encuentra normal.") -> La flexión activa de rodilla se encuentra normal.
B32: =IF(OR(F28<-10,F28>10), "Se presenta un déficit de flexión pasiva de la rodilla.", "La flexión pasiva de rodilla se encuentra normal.") -> La flexión pasiva de rodilla se encuentra normal.
B33: RANGO DE MOVILIDAD ARTICULAR - TOBILLO
B34: TEST - INSTRUMENTO | C34: MOVIMIENTO | D34: DERECHA | E34: IZQUIERDA | F34: REFERENCIA
B35: Lunge Test - Inclinómetro (º) | C35: Flexión dorsal de tobillo | D35: ='A completar'!C25 | E35: ='A completar'!C26 | F35: 39º
B36: COMENTARIOS
B37: =IF(AND(D35<39, E35<39), "Presenta un déficit de flexión dorsal del tobillo de ambas piernas.", IF(D35<39, "Presenta un déficit de flexión dorsal del tobillo de la pierna derecha.", IF(E35<39, "Presenta un déficit de flexión dorsal del tobillo de la pierna izquierda.", "No presenta déficit en la flexión dorsal del tobillo."))) -> Presenta un déficit de flexión dorsal del tobillo de ambas piernas.
B38: RANGO DE MOVILIDAD ARTICULAR - HOMBRO
B39: TEST - INSTRUMENTO | C39: MOVIMIENTO | D39: DERECHA | E39: IZQUIERDA | F39: DÉFICIT | G39: REFERENCIA
B40: Rotación de hombro - Inclinómetro (º) | C40: Rotación interna (°) | D40: ='A completar'!C27 | E40: ='A completar'!C28 | F40: =E40-D40 -> 0 | G40: 18º
C41: Rotación externa (°) | D41: ='A completar'!C29 | E41: ='A completar'!C30 | F41: =E41-D41 -> 0 | G41: -
C42: Rotación total (°) | D42: =D40+D41 -> 0 | E42: =E40+E41 -> 0 | F42: =E42-D42 -> 0 | G42: 5º
B43: COMENTARIOS
B44: =IF(OR(F40<-18,F40>18), "Se presenta un déficit de rotación interna del hombro.", "No se presenta un déficit de rotación interna del hombro.") -> No se presenta un déficit de rotación interna del hombro.
B45: =IF(AND(F42>=-5,F42<=5), "Se presenta un normal arco total del movimiento del hombro", "Se presenta un déficit del arco total del movimiento del hombro") -> Se presenta un normal arco total del movimiento del hombro
B46: PERÍMETROS MUSCULARES
B47: PERÍMETRO MUSCULAR | C47: DERECHA | D47: IZQUIERDA | E47: DÉFICIT
B48: Muslo | C48: ='A completar'!C31 | D48: ='A completar'!C32 | E48: =D48-C48 -> 0
B49: Pantorilla | C49: ='A completar'!C33 | D49: ='A completar'!C34 | E49: =D49-C49 -> 0
B50: COMENTARIOS
B51: =IF(E48=0, "No se presenta un déficit en el perímetro de muslo.", "Se presenta un déficit en el perímetro de muslo de "&E48&" cm.") -> No se presenta un déficit en el perímetro de muslo.
B52: =IF(E49=0, "No se presenta un déficit en el perímetro de pantorilla", "Se presenta un déficit en el perímetro de pantorilla de "&E49&" cm") -> No se presenta un déficit en el perímetro de pantorilla
B53: FLEXIBILIDAD
B54: EVALUACIÓN | C54: TEST - INSTRUMENTO | D54: PIERNA | E54: PSOAS ILÍACO | F54: RECTO ANTERIOR | G54: SARTORIO
B55: Flexores de cadera | C55: Test de Thomas modificado | D55: Derecha | E55: ='A completar'!C35 | F55: ='A completar'!C36 | G55: ='A completar'!C37
D56: Izquierda | E56: ='A completar'!C38 | F56: ='A completar'!C39 | G56: ='A completar'!C40
B58: EVALUACIÓN | C58: TEST - INSTRUMENTO | D58: DERECHA | E58: IZQUIERDA | F58: REFERENCIA
B59: Isquiotibiales | C59: Test de AKE (°) | D59: ='A completar'!C41 | E59: ='A completar'!C42 | F59: 70º
C60: Askling test | D60: ='A completar'!C43 | E60: ='A completar'!C44 | F60: Sin dolor e inseguridad
C61: Slump test | D61: ='A completar'!C45 | E61: ='A completar'!C46 | F61: Sin tensión neural
B63: EVALUACIÓN | C63: TEST - INSTRUMENTO | D63: DERECHA | E63: IZQUIERDA | F63: REFERENCIA
B64: Aductores | C64: BKFO (cm) | D64: ='A completar'!C47 | E64: ='A completar'!C48 | F64: 8,6 - 17,4 cm
B65: COMENTARIOS
B66: =IF(AND(E55="X", F55="OK", G55="OK"), "En la pierna derecha, se presenta un acortamiento del Psoas Ilíaco.", IF(AND(E55="X", F55="X", G55="OK"), "En la pierna derecha, se presenta un acortamiento del Psoas Ilíaco y del Recto Anterior.", IF(AND(E55="X", F55="X", G55="X"), "En la pierna derecha, se presenta un acortamiento del Psoas Ilíaco, del Recto Anterior y del Sartorio.", IF(AND(E55="X", F55="OK", G55="X"), "En la pierna derecha, se presenta un acortamiento del Psoas Ilíaco y del Sartorio.", IF(AND(E55="OK", F55="X", G55="OK"), "En la pierna derecha, se presenta un acortamiento del Recto Anterior.", IF(AND(E55="OK", F55="X", G55="X"), "En la pierna derecha, se presenta un acortamiento del Recto Anterior y del Sartorio.", IF(AND(E55="OK", F55="OK", G55="X"), "En la pierna derecha, se presenta un acortamiento del Sartorio.", IF(AND(E55="OK", F55="OK", G55="OK"), "En la pierna derecha, no se presenta un acortamiento de los flexores de cadera.", ""))))))))
B67: =IF(AND(E56="X", F56="OK", G56="OK"), "En la pierna izquierda, se presenta un acortamiento del Psoas Ilíaco.", IF(AND(E56="X", F56="X", G56="OK"), "En la pierna izquierda, se presenta un acortamiento del Psoas Ilíaco y del Recto Anterior.", IF(AND(E56="X", F56="X", G56="X"), "En la pierna izquierda, se presenta un acortamiento del Psoas Ilíaco, del Recto Anterior y del Sartorio.", IF(AND(E56="X", F56="OK", G56="X"), "En la pierna izquierda, se presenta un acortamiento del Psoas Ilíaco y del Sartorio.", IF(AND(E56="OK", F56="X", G56="OK"), "En la pierna izquierda, se presenta un acortamiento del Recto Anterior.", IF(AND(E56="OK", F56="X", G56="X"), "En la pierna izquierda, se presenta un acortamiento del Recto Anterior y del Sartorio.", IF(AND(E56="OK", F56="OK", G56="X"), "En la pierna izquierda, se presenta un acortamiento del Sartorio.", IF(AND(E56="OK", F56="OK", G56="OK"), "En la pierna izquierda, no se presenta un acortamiento de los flexores de cadera.", ""))))))))
B68: =IF(AND(D59>=70, E59>=70), "No se presenta acortamiento de los isquiotibiales.", IF(AND(D59<70, E59>=70), "Se presenta un acortamiento del isquiotibial de la pierna derecha.", IF(AND(D59>=70, E59<70), "Se presenta un acortamiento del isquiotibial de la pierna izquierda.", IF(AND(D59<70, E59<70), "Se presenta un acortamiento de los isquiotibiales en ambas piernas.", "")))) -> Se presenta un acortamiento de los isquiotibiales en ambas piernas.
B69: =IF(AND(D60="OK",E60="OK"), "No se refiere dolor o inseguridad durante el Askling H-test en ninguna de las piernas.", IF(AND(D60="X",E60="OK"), "Refiere dolor o inseguridad en la pierna derecha durante el Askling H-test.", IF(AND(D60="OK",E60="X"), "Refiere dolor o inseguridad en la pierna izquierda durante el Askling H-test.", "Refiere dolor o inseguridad en ambas piernas durante el Askling H-test."))) -> Refiere dolor o inseguridad en ambas piernas durante el Askling H-test.
B70: =IF(AND(D61="OK",E61="OK"), "No se comprobó tensión neural mecánica del nervio ciático en ninguna de las piernas mediante la prueba de Slump test.", IF(AND(D61="X",E61="OK"), "Se comprobó tensión neural mecánica del nervio ciático en la pierna derecha mediante la prueba de Slump test.", IF(AND(D61="OK",E61="X"), "Se comprobó tensión neural mecánica del nervio ciático en la pierna izquierda mediante la prueba de Slump test.", "Se comprobó tensión neural mecánica del nervio ciático en ambos miembros mediante la prueba de Slump test."))) -> Se comprobó tensión neural mecánica del nervio ciático en ambos miembros mediante la prueba de Slump test.
B71: =IF(AND(D64<=17.4,E64<=17.4), "No se presenta acortamiento de aductores", IF(AND(D64>17.4,E64<=17.4), "Se presenta acortamiento de aductor de la pierna derecha", IF(AND(D64<=17.4,E64>17.4), "Se presenta acortamiento de aductor de la pierna izquierda", "Se presenta acortamiento de aductores de ambas piernas"))) -> No se presenta acortamiento de aductores
B72: DOLOR INGUINAL EN ATLETAS
B73: Prueba | C73: Derecha | F73: Izquierda
C74: Palpación | D74: Contracción | E74: Estiramiento | F74: Palpación | G74: Contracción | H74: Estiramiento
B75: Psoas | C75: ='A completar'!C49 | D75: ='A completar'!C50 | E75: ='A completar'!C51 | F75: ='A completar'!C52 | G75: ='A completar'!C53 | H75: ='A completar'!C54
B76: Pubis | C76: ='A completar'!C55 | D76: ='A completar'!C56 | E76: ='A completar'!C57 | F76: ='A completar'!C58 | G76: ='A completar'!C59 | H76: ='A completar'!C60
B77: Abdominales | C77: ='A completar'!C61 | D77: ='A completar'!C62 | E77: ='A completar'!C63 | F77: ='A completar'!C64 | G77: ='A completar'!C65 | H77: ='A completar'!C66
B78: Aductor | C78: ='A completar'!C67 | D78: ='A completar'!C68 | E78: ='A completar'!C69 | F78: ='A completar'!C70 | G78: ='A completar'!C71 | H78: ='A completar'!C72
B79: Glúteo medio | C79: ='A completar'!C73 | D79: - | E79: - | F79: ='A completar'!C74 | G79: - | H79: -
B80: Cuadrado lumbar | C80: ='A completar'!C75 | D80: - | E80: - | F80: ='A completar'!C76 | G80: - | H80: -
B82: Test | C82: Derecha | D82: Izquierda | E82: Flexión | F82: Extensión | G82: Inclinación derecha | H82: Inclinación izquierda
B83: Cadera impingement | C83: ='A completar'!C77 | D83: ='A completar'!C78 | E83: - | F83: - | G83: - | H83: -
B84: Cadera labrum anterior | C84: ='A completar'!C79 | D84: ='A completar'!C80 | E84: - | F84: - | G84: - | H84: -
B85: Sacroilíaca | C85: ='A completar'!C85 | D85: ='A completar'!C86 | E85: - | F85: - | G85: - | H85: -
B86: Columna | C86: - | D86: - | E86: ='A completar'!C81 | F86: ='A completar'!C82 | G86: ='A completar'!C83 | H86: ='A completar'!C84
B87: ESTABILIDAD - EQUILIBRIO
B88: EVALUACIÓN | C88: ALCANCES | D88: DERECHA | E88: IZQUIERDA | F88: DIFERENCIA | H88: REFERENCIA
B89: Y Balance Test | C89: Anterior (cm) | D89: ='A completar'!C88 | E89: ='A completar'!C91 | F89: =E89-D89 -> 0 | H89: 4 cm
C90: Postero-medial (cm) | D90: ='A completar'!C89 | E90: ='A completar'!C92 | F90: =E90-D90 -> 0 | H90: 4 cm
C91: Postero-lateral (cm) | D91: ='A completar'!C90 | E91: ='A completar'!C93 | F91: =E91-D91 -> 0 | H91: 4 cm
C92: Composite (%) | D92: =((D89+D90+D91)/(3*'A completar'!C87))*100 -> #DIV/0! | E92: =((E89+E90+E91)/(3*'A completar'!C87))*100 -> #DIV/0! | F92: - | H92: >94%
B94: EVALUACIÓN | D94: DERECHA | F94: IZQUIERDA | H94: REFERENCIA
B95: Prueba de balance a una pierna | C95: Ojos abiertos | D95: ='A completar'!C94 | F95: ='A completar'!C96 | H95: 45"
C96: Ojos cerrados | D96: ='A completar'!C95 | F96: ='A completar'!C97 | H96: 9"
B97: Prueba de balance vestibular | C97: Lado a lado | D97: ='A completar'!C98 | F97: ='A completar'!C100 | H97: -
C98: Arriba y abajo | D98: ='A completar'!C99 | F98: ='A completar'!C101 | H98: -
B99: COMENTARIOS
B100: =IF(AND(F89>=-4,F89<=4), "El alcance anterior se encuentra normal.", "El alcance anterior se encuentra en déficit.") -> El alcance anterior se encuentra normal.
B101: =IF(AND(F90>=-4,F90<=4), "El alcance posteromedial se encuentra normal.", "El alcance posteromedial se encuentra en déficit.") -> El alcance posteromedial se encuentra normal.
B102: =IF(AND(F91>=-4,F91<=4), "El alcance posterolateral se encuentra normal.", "El alcance posterolateral se encuentra en déficit.") -> El alcance posterolateral se encuentra normal.
B103: =IF(AND(D92>=94, E92>=94), "El composite (relación entre la distancia alcanzada y la longitud de la pierna) se encuentra dentro de los valores de referencia.", IF(AND(D92<94, E92>=94), "El composite (relación entre la distancia alcanzada y la longitud de la pierna) de la pierna derecha se encuentra por debajo de los valores de referencia.", IF(AND(D92>=94, E92<94), "El composite (relación entre la distancia alcanzada y la longitud de la pierna) de la pierna izquierda se encuentra por debajo de los valores de referencia.", IF(AND(D92<94, E92<94), "El composite (relación entre la distancia alcanzada y la longitud de la pierna) de ambas piernas se encuentran por debajo de los valores de referencia.", "")))) -> #DIV/0!
B104: =IF(AND(D95>=45,F95>=45), "Se presenta un correcto balance monopodal con ojos abiertos", IF(AND(D95<45,F95>=45), "Se presenta un déficit en el balance monopodal con ojos abiertos de la pierna derecha", IF(AND(D95>=45,F95<45), "Se presenta un déficit en el balance monopodal con ojos abiertos de la pierna izquierda", "Se presenta un déficit en el balance monopodal con ojos abiertos de ambas piernas"))) -> Se presenta un déficit en el balance monopodal con ojos abiertos de ambas piernas
B105: =IF(AND(D96>=9,F96>=9), "Se presenta un correcto balance monopodal con ojos cerrados", IF(AND(D96<9,F96>=9), "Se presenta un déficit en el balance monopodal con ojos cerrados de la pierna derecha", IF(AND(D96>=9,F96<9), "Se presenta un déficit en el balance monopodal con ojos cerrados de la pierna izquierda", "Se presenta un déficit en el balance monopodal con ojos cerrados de ambas piernas"))) -> Se presenta un déficit en el balance monopodal con ojos cerrados de ambas piernas
B106: =IF(AND(D97="OK", D98="OK", F97="OK", F98="OK"), "La prueba de balance vestibular fue satisfactoria en ambas piernas en ambos movimientos.", IF(AND(D97="X", D98="X", F97="OK", F98="OK"), "Se presenta un déficit vestibular en la pierna derecha en ambos movimientos.", IF(AND(F97="X", F98="X", D97="OK", D98="OK"), "Se presenta un déficit vestibular en la pierna izquierda en ambos movimientos.", IF(AND(D97="X", F97="X", D98="OK", F98="OK"), "Se presenta un déficit de balance vestibular en movimiento lateral en ambas piernas.", IF(AND(D98="X", F98="X", D97="OK", F97="OK"), "Se presenta un déficit de balance vestibular en movimiento vertical en ambas piernas.", IF(AND(D97="X", D98="OK", F97="OK", F98="OK"), "Se presenta un déficit vestibular en movimiento lateral de la pierna derecha.", IF(AND(D97="OK", D98="X", F97="OK", F98="OK"), "Se presenta un déficit vestibular en movimiento vertical de la pierna izquierda.", IF(AND(F97="X", F98="OK", D97="OK", D98="OK"), "Se presenta un déficit vestibular en movimiento lateral de la pierna derecha.", IF(AND(F97="OK", F98="X", D97="OK", D98="OK"), "Se presenta un déficit vestibular en movimiento vertical de la pierna izquierda.", "Se presenta déficit vestibular en múltiples combinaciones."))))))))) -> Se presenta déficit vestibular en múltiples combinaciones.
B107: FUERZA RESISTENCIA MIEMBRO INFERIOR
B108: TEST | C108: MOVIMIENTO | D108: DERECHA | E108: IZQUIERDA | F108: REFERENCIA | G108: SIMETRÍA
B109: Mc Gill | C109: Inclinadores de tronco | D109: ='A completar'!C102 | E109: ='A completar'!C103 | F109: 85" | G109: =(D109*100)/E109 -> #DIV/0!
C110: Flexores de tronco | D110: ='A completar'!C104 | F110: 130" | G110: -
C111: Extensores de tronco | D111: ='A completar'!C105 | F111: 170" | G111: -
C112: Relación flexores / extensores | D112: =D110/D111 -> #DIV/0! | F112: 0.76 | G112: -
...

Sheet Definición operativa
A1: 3 minutos en cinta caminata, rodilla al pecho en caminata, elongacion de cuadriceps en caminata, rodillas al pecho, talones a la cola, todos ida y vuelta del espacio verde
A2: Rotación interna de cadera 90º | B2: PASIVO.
A4: Rotación externa de cadera 90º
A6: Extensión pasiva de rodilla | B6: Inclinómetro (regla L), buscar superficie dura
A8: Flexión activa de rodilla | B8: Decúbito prono, inclinómetro en la tibia, sin entrada en calor
A10: Flexión pasiva de rodilla | B10: Decúbito prono, inclinómetro en la tibia, sin entrada en calor
A12: Flexión dorsal de tobillo | B12: Inclínometro borde anterior de tibia, moverlo 3 veces antes, no puede levantar talón, una sola medición, sin apoyar rodilla contraria en el suelo
A14: Rotación interna de hombro | B14: Fijación a la antepulsión con mano del evaluador, inclinómetro parte dorsal del antebrazo, decúbito supino completamente
A16: Rotación externa de hombro | B16: Fijación a la antepulsión con mano del evaluador, inclinómetro parte dorsal del antebrazo, decúbito supino completamente
A18: Peímetro de músculo y de gemelo | B18: Muslo medio: parado sobre banco, punto medio entre EIAS y borde superior de rótula
B19: Pantorilla: pierna sobre banco, medición de mayor pliegue ubicado de forma lateral
A20: Thomas derecha
A23: Thomas izquierda
A26: AKE
A28: Askling test
A30: Slump test
A32: BKFO test | B32: Decúbito supino, planta con planta, distancia de la cabeza de peroné a la camilla en cm
A34: Psoas derecha
A37: Psoas izquierda
A40: Pubis derecha
A43: Pubis izquierda
A46: Abdominales derecha
A49: Abdominales izquierda
A52: Aductor derecha
A55: Aductor izquierda
A58: Glúteo medio derecha
A59: Glúteo medio izquierda
A60: Cuadrado lumbar derecha
A61: Cuadrado lumbar izquierda
... A76: Y Balance izquierda
A79: Prueba de balance: derecha | B79: Los sujetos se colocan de pie sobre una sola pierna, con un leve grado de flexión en la cadera, la rodilla y el tobillo, y con las manos apoyadas en la cintura. A una frecuencia de 60 pulsaciones por minuto, los sujetos giran repetidamente la cabeza de un lado al otro (entre 70 y 90 grados) durante un período de 15 segundos. La visión debe estar alineada con la posición de la cabeza (sin fijación visual).
A81: Prueba de balance: izquierda
A83: Prueba de balance vestibular: derecha | B83: Los sujetos se colocan de pie sobre una sola pierna, con un leve grado de flexión en la cadera, la rodilla y el tobillo, y con las manos apoyadas en la cintura. A una frecuencia de 60 pulsaciones por minuto, los sujetos inclinan repetidamente la cabeza hacia arriba y hacia abajo (mirando del piso al techo) durante un período de 15 segundos. La visión debe estar alineada con la posición de la cabeza (sin fijación visual). La prueba se considera aprobada si los sujetos pueden mantener la postura en apoyo unipodal y no retiran las manos de la cintura en ambas evaluaciones.
A85: Prueba de balance vestibular: izquierda
A87: Mc Gill | B87: con valla abajo del cuerpo, flexores a 45°, si toca atrás corta, o si toca la valla de costado
A89: Mc Gill
A91: Puente glúteo a 1p | B91: Cajón de 60 cm, flexión de rodilla de 20º, brazos en pecho, apoyo de talón, llevar a extensión de cadera de 0º
A93: Puente glúteo a 1p VAS
A95: Elevación gemelo a 1p | B95: Sobre pesa de 15kg, cabeza metatarsianos
A97: Elevación gemelo a 1p VAS
A99: Sentadilla a 1p | B99: Ajustá la altura del cajón para que, al sentarse, el sujeto quede con aproximadamente 60° de flexión de rodilla y 70–80° de flexión de cadera, con el talón apoyado y la tibia levemente inclinada hacia adelante. Debe sentarse con los isquiones a 5–8 cm del borde anterior del cajón. El pie del lado a evaluar se coloca a la distancia necesaria (habitualmente 10–15 cm del cajón) para mantener esa posición, con la rodilla alineada al segundo dedo. Los brazos van cruzados en el pecho y el tronco puede inclinarse hacia adelante de forma natural. Desde sentado, debe ponerse de pie completamente y volver a sentarse de manera controlada, sin rebotes, sin tocar el cajón con la otra pierna y sin despegar el talón. El movimiento se realiza con metrónomo a 60 bpm, subiendo en 2 segundos y bajando en 2 segundos, sin pausas. El test continúa hasta que aparece un fallo técnico: pérdida repetida de la alineación de rodilla, uso de impulso del tronco, talón que se despega, falta de extensión completa o pérdida de control en el descenso. Se registran la altura del cajón, las posiciones y la cantidad de repeticiones correctas.
A101: Sentadilla a 1p VAS
A103: Press de hombro | B103: ver
A105: Press de hombro VAS
A107: Press de banca | B107: Cajón decúbito supino, piernas apoyadas en suelo, mancuerna, bajar hasta valla
A109: Dominadas | B109: pasar el mentón sin balanceo
A111: Fuerza muscular: flexores cadera 0-0º | B111: cadena gancho suelo
A113: VAS flexores cadera 0-0º
A115: Fuerza muscular: flexores cadera 0-90º | B115: cadena gancho suelo
A117: VAS flexores cadera 0-90º
A119: Squezze Test | B119: Palanca corta para fuerza, decúbito supino, cadera 45°, rodilla 90°. Para hacer palanca larga ya tenemos el unilateral, pero nos interesa hacer palanca larga en el caso de que tenga molestia o dolor para estratificar cuánto puede hacer
A120: VAS Squezze
A121: Fuerza muscular: aductores | B121: palanca larga PIC (decúbito lateral, por presión)
A123: VAS aductores
A125: Fuerza muscular: abductores | B125: cadena gancho suelo en camilla decúbito lateral, por tracción, cuidar extensión de cadera
A127: VAS abductores
A129: Fuerza muscular: cuádriceps | B129: 90° cadera, 70° rodilla, dirección perpendicular de la cadena, agarrado con las manos o 90°90°
A131: VAS cuádriceps
A133: Fuerza muscular: isquiosurales
A135: VAS isquiotibiales
A137: Fuerza muscular: tríceps sural
A139: VAS tríceps sural
A141: Fuerza muscular: abductores tobillo
A143: VAS abductores tobillo
A145: Fuerza muscular: aductores tobillo
A147: VAS aductores tobillo
A149: IMTP
A152: Fuerza muscular: rotación interna hombro
A154: VAS RI hombro
... A187: CMJ: aterrizaje
A189: DJ: altura del salto | B189: 15 cm de altura a 1 pierna, 30 cm a 2 pierna
A191: DJ: tiempo de contacto
A193: Single Hop Test
A195: Triple Hop Test: distancia cm
A197: Triple Hop Test: tiempo de contacto
A199: Crossover Hop Test: distancia cm
A201: Crossover Hop Test: tiempo de contacto
A203: Medial Side Triple Hop Test: distancia cm
A205: 90 Medial Rotation Hop Test: distancia cm
A207: Side Hop Test
A209: Sentadilla a 1 pierna: vista frontal derecha
A213: Sentadilla a 1 pierna: vista frontal izquierda
A217: Sentadilla a 1 pierna: vista sagital
... A226: Cuestionarios autoinformados
